timestamp,asset_id,discharge_pressure_bar,air_flow_m3_min,motor_temperature_c,vibration_mm_s,oil_temperature_c,power_consumption_kw,load_percent,efficiency_percent
2026-05-01 00:00:00,COMP-01,8.04,41.74,74.8,2.47,67.8,114.6,80.8,91.6
2026-05-01 01:00:00,COMP-01,7.96,42.04,73.4,2.12,68.2,111.6,74.9,90.6
2026-05-01 02:00:00,COMP-01,7.92,41.94,72.9,1.95,69.5,114.6,78.1,89.9
2026-05-01 03:00:00,COMP-01,7.96,41.85,72.6,2.27,67.4,114.5,76.9,92.5
2026-05-01 04:00:00,COMP-01,8.0,41.32,75.0,1.98,68.2,111.5,75.6,91.2
2026-05-01 05:00:00,COMP-01,8.06,41.88,73.9,2.15,66.5,113.7,77.2,91.8
2026-05-01 06:00:00,COMP-01,8.03,41.01,74.4,2.13,67.3,116.1,79.9,91.7
2026-05-01 07:00:00,COMP-01,7.93,41.66,74.4,2.38,67.5,114.7,76.0,90.0
2026-05-01 08:00:00,COMP-01,8.07,42.41,73.9,2.38,68.4,113.8,78.7,92.2
2026-05-01 09:00:00,COMP-01,8.0,42.5,70.9,2.35,68.1,114.5,78.2,89.4
2026-05-01 10:00:00,COMP-01,7.98,41.96,75.8,2.11,67.2,114.1,79.6,91.3
2026-05-01 11:00:00,COMP-01,7.96,42.03,74.1,2.37,67.3,114.4,77.3,89.8
2026-05-01 12:00:00,COMP-01,8.02,41.92,74.0,2.16,66.6,114.2,77.4,90.4
2026-05-01 13:00:00,COMP-01,7.99,41.98,76.3,2.23,68.3,114.9,74.5,91.0
2026-05-01 14:00:00,COMP-01,8.0,42.91,73.8,2.25,68.0,112.9,80.1,91.6
2026-05-01 15:00:00,COMP-01,8.06,41.39,75.7,1.95,68.6,118.9,76.2,90.5
2026-05-01 16:00:00,COMP-01,8.01,41.57,72.1,2.21,66.9,115.9,76.3,92.2
2026-05-01 17:00:00,COMP-01,7.94,41.66,75.0,1.98,68.2,117.4,75.1,91.1
2026-05-01 18:00:00,COMP-01,8.02,42.15,72.5,1.96,68.5,115.5,78.5,91.3
2026-05-01 19:00:00,COMP-01,7.95,41.9,74.4,2.07,69.9,115.9,75.9,91.5
2026-05-01 20:00:00,COMP-01,7.92,42.15,75.4,2.05,69.0,115.7,79.5,92.5
2026-05-01 21:00:00,COMP-01,7.98,41.46,72.9,2.05,67.9,115.6,78.5,91.7
2026-05-01 22:00:00,COMP-01,8.0,42.45,73.7,2.69,68.6,113.5,76.1,91.4
2026-05-01 23:00:00,COMP-01,7.98,42.12,74.6,2.19,67.2,112.3,77.2,91.7
2026-05-02 00:00:00,COMP-01,8.02,41.24,74.2,2.27,67.1,115.3,78.1,90.1
2026-05-02 01:00:00,COMP-01,8.03,42.05,75.3,2.39,66.6,113.3,78.9,91.4
2026-05-02 02:00:00,COMP-01,8.04,43.53,74.7,2.4,69.0,116.2,77.4,91.6
2026-05-02 03:00:00,COMP-01,7.94,41.69,73.4,2.21,70.3,111.6,79.2,89.7
2026-05-02 04:00:00,COMP-01,7.96,42.29,74.1,2.01,67.3,116.2,76.7,91.2
2026-05-02 05:00:00,COMP-01,8.0,41.51,76.6,2.31,66.0,115.3,76.8,91.7
2026-05-02 06:00:00,COMP-01,7.94,41.75,74.6,2.36,66.8,114.4,77.1,90.5
2026-05-02 07:00:00,COMP-01,8.14,41.98,72.5,2.37,70.1,116.9,75.3,90.6
2026-05-02 08:00:00,COMP-01,8.1,41.48,74.5,2.34,67.1,114.9,72.2,90.2
2026-05-02 09:00:00,COMP-01,7.98,41.24,76.0,1.94,67.6,115.2,80.6,89.9
2026-05-02 10:00:00,COMP-01,8.09,41.8,72.8,2.28,68.2,113.9,78.1,90.7
2026-05-02 11:00:00,COMP-01,8.01,42.1,75.9,1.98,70.1,111.5,77.7,91.5
2026-05-02 12:00:00,COMP-01,8.02,41.52,73.8,2.11,67.4,116.5,78.6,90.4
2026-05-02 13:00:00,COMP-01,8.07,41.94,75.0,2.31,67.2,114.0,79.3,91.5
2026-05-02 14:00:00,COMP-01,8.0,41.85,75.5,2.09,68.5,114.6,77.6,91.9
2026-05-02 15:00:00,COMP-01,8.07,42.17,75.6,2.2,68.7,114.4,78.6,90.9
2026-05-02 16:00:00,COMP-01,8.01,42.07,73.0,2.58,67.0,112.8,80.1,91.6
2026-05-02 17:00:00,COMP-01,8.05,42.08,74.0,2.04,68.1,113.8,79.8,90.9
2026-05-02 18:00:00,COMP-01,7.93,41.66,74.5,2.1,67.2,115.4,78.4,90.6
2026-05-02 19:00:00,COMP-01,7.96,41.9,72.3,1.95,67.3,114.6,78.6,92.2
2026-05-02 20:00:00,COMP-01,8.07,41.73,74.0,2.02,68.0,114.5,78.6,90.3
2026-05-02 21:00:00,COMP-01,8.04,42.49,73.9,2.27,68.7,114.3,78.4,91.0
2026-05-02 22:00:00,COMP-01,8.01,41.45,74.0,2.29,69.5,116.7,81.9,90.4
2026-05-02 23:00:00,COMP-01,8.07,41.88,76.6,2.05,67.2,113.9,74.2,90.6
2026-05-03 00:00:00,COMP-01,7.94,41.87,74.4,2.54,69.0,114.0,76.4,91.4
2026-05-03 01:00:00,COMP-01,7.89,42.62,75.4,2.12,66.3,117.4,77.8,92.0
2026-05-03 02:00:00,COMP-01,7.87,41.53,74.0,2.21,67.5,116.1,76.1,90.9
2026-05-03 03:00:00,COMP-01,8.01,42.03,74.9,2.0,66.5,117.3,78.6,90.4
2026-05-03 04:00:00,COMP-01,8.12,41.85,75.4,2.21,70.1,118.2,77.6,91.8
2026-05-03 05:00:00,COMP-01,8.05,42.42,72.8,2.32,69.1,111.8,75.9,89.4
2026-05-03 06:00:00,COMP-01,7.98,42.12,75.8,2.21,69.6,112.5,74.9,91.0
2026-05-03 07:00:00,COMP-01,8.03,41.79,71.5,2.18,66.7,116.2,78.7,90.2
2026-05-03 08:00:00,COMP-01,7.96,41.32,73.9,2.37,67.0,115.9,77.0,90.4
2026-05-03 09:00:00,COMP-01,7.99,41.33,73.3,1.98,70.0,115.1,76.7,91.2
2026-05-03 10:00:00,COMP-01,7.99,41.7,74.7,2.34,67.5,114.0,77.5,89.2
2026-05-03 11:00:00,COMP-01,7.88,42.42,76.0,2.16,68.6,115.6,83.5,91.9
2026-05-03 12:00:00,COMP-01,7.99,41.37,72.1,2.24,67.2,112.4,76.8,90.1
2026-05-03 13:00:00,COMP-01,8.13,42.2,74.0,2.47,68.1,113.4,80.7,91.4
2026-05-03 14:00:00,COMP-01,7.92,41.71,72.9,1.95,68.9,118.4,75.5,91.5
2026-05-03 15:00:00,COMP-01,7.95,41.58,73.3,2.04,68.0,113.5,78.5,91.0
2026-05-03 16:00:00,COMP-01,7.98,41.39,73.3,2.34,68.5,113.2,78.2,91.6
2026-05-03 17:00:00,COMP-01,7.87,42.04,73.2,2.3,67.2,111.8,75.1,91.0
2026-05-03 18:00:00,COMP-01,8.02,41.39,74.8,1.9,67.9,112.8,76.8,91.0
2026-05-03 19:00:00,COMP-01,7.93,41.63,75.2,2.1,68.8,113.0,79.0,92.2
2026-05-03 20:00:00,COMP-01,7.8,41.44,74.7,2.16,68.4,113.9,78.2,90.9
2026-05-03 21:00:00,COMP-01,8.09,41.91,74.4,2.13,67.5,114.2,78.7,90.7
2026-05-03 22:00:00,COMP-01,8.02,42.73,75.0,2.14,69.2,114.3,74.3,90.2
2026-05-03 23:00:00,COMP-01,7.85,41.64,74.0,2.5,68.3,114.6,79.5,89.2
2026-05-04 00:00:00,COMP-01,8.02,42.15,72.2,2.41,68.3,114.3,79.1,92.8
2026-05-04 01:00:00,COMP-01,8.01,41.91,73.4,2.05,68.8,113.5,78.1,90.6
2026-05-04 02:00:00,COMP-01,8.04,41.95,75.2,2.11,67.7,113.2,77.2,91.3
2026-05-04 03:00:00,COMP-01,8.06,41.39,75.0,2.44,68.4,118.4,76.6,90.0
2026-05-04 04:00:00,COMP-01,7.86,42.47,74.8,2.19,68.3,113.0,82.4,91.1
2026-05-04 05:00:00,COMP-01,8.01,42.13,74.6,2.24,67.2,115.8,81.4,92.1
2026-05-04 06:00:00,COMP-01,8.13,41.57,72.8,2.18,68.1,117.0,75.0,92.2
2026-05-04 07:00:00,COMP-01,7.99,41.61,72.8,1.9,68.8,115.1,75.7,90.0
2026-05-04 08:00:00,COMP-01,7.97,42.55,73.7,1.93,67.8,114.5,73.1,91.0
2026-05-04 09:00:00,COMP-01,7.98,42.11,76.2,2.4,67.7,113.0,82.6,91.0
2026-05-04 10:00:00,COMP-01,8.0,41.79,74.2,2.17,67.4,114.0,77.9,90.6
2026-05-04 11:00:00,COMP-01,7.94,41.85,73.7,2.47,65.3,117.0,80.2,89.3
2026-05-04 12:00:00,COMP-01,7.97,41.63,72.3,2.06,66.9,118.2,79.7,92.0
2026-05-04 13:00:00,COMP-01,8.06,41.29,73.4,2.29,66.8,116.3,77.6,90.7
2026-05-04 14:00:00,COMP-01,8.06,42.0,73.6,2.41,66.9,116.1,79.1,90.8
2026-05-04 15:00:00,COMP-01,8.03,41.24,75.1,2.17,67.5,116.9,76.7,89.9
2026-05-04 16:00:00,COMP-01,7.88,42.07,72.5,2.52,65.9,118.1,78.4,90.9
2026-05-04 17:00:00,COMP-01,7.96,41.98,74.0,2.4,68.1,115.3,77.3,91.0
2026-05-04 18:00:00,COMP-01,8.02,41.03,72.4,2.33,68.2,114.7,78.0,91.3
2026-05-04 19:00:00,COMP-01,7.96,41.45,74.2,2.02,68.4,111.9,79.9,91.4
2026-05-04 20:00:00,COMP-01,8.02,42.24,76.0,2.38,66.2,112.7,76.9,91.0
2026-05-04 21:00:00,COMP-01,8.04,41.47,74.2,2.06,67.4,112.5,76.3,89.9
2026-05-04 22:00:00,COMP-01,7.92,42.27,72.9,2.67,68.5,115.3,76.5,91.6
2026-05-04 23:00:00,COMP-01,7.95,41.85,77.1,2.18,69.1,113.7,77.9,92.4
2026-05-05 00:00:00,COMP-01,7.95,42.62,74.8,2.1,68.6,116.8,79.1,89.7
2026-05-05 01:00:00,COMP-01,7.94,41.69,73.9,2.31,68.2,112.6,78.7,91.5
2026-05-05 02:00:00,COMP-01,8.04,42.29,75.0,2.28,67.9,112.0,78.8,91.2
2026-05-05 03:00:00,COMP-01,8.02,41.23,72.7,2.39,68.0,116.2,78.1,91.0
2026-05-05 04:00:00,COMP-01,8.08,41.57,74.1,2.12,67.6,114.4,78.4,90.6
2026-05-05 05:00:00,COMP-01,8.1,41.4,74.0,2.17,69.7,115.6,79.9,89.7
2026-05-05 06:00:00,COMP-01,8.02,42.2,74.6,2.5,68.0,118.1,82.1,90.4
2026-05-05 07:00:00,COMP-01,7.96,42.45,76.6,2.27,68.4,115.3,75.6,89.8
2026-05-05 08:00:00,COMP-01,7.92,41.45,74.9,2.46,70.6,114.3,79.8,90.2
2026-05-05 09:00:00,COMP-01,8.0,42.1,73.8,2.54,69.5,117.2,78.5,92.2
2026-05-05 10:00:00,COMP-01,7.95,41.56,74.7,2.42,69.0,118.8,80.6,89.6
2026-05-05 11:00:00,COMP-01,7.93,42.01,75.0,2.69,70.1,114.2,80.8,91.4
2026-05-05 12:00:00,COMP-01,7.95,41.63,76.3,2.69,70.8,120.8,77.7,89.2
2026-05-05 13:00:00,COMP-01,7.89,41.47,76.1,3.01,69.9,117.8,78.0,90.6
2026-05-05 14:00:00,COMP-01,8.2,41.56,75.8,2.93,71.4,121.0,79.1,89.2
2026-05-05 15:00:00,COMP-01,8.05,42.3,77.6,2.88,72.0,120.1,80.5,89.9
2026-05-05 16:00:00,COMP-01,7.99,41.87,78.3,2.7,71.6,117.5,78.1,90.2
2026-05-05 17:00:00,COMP-01,8.02,41.82,75.5,3.03,72.1,122.4,77.4,89.2
2026-05-05 18:00:00,COMP-01,8.02,42.51,77.2,3.0,72.4,119.1,77.2,89.1
2026-05-05 19:00:00,COMP-01,8.09,41.34,77.7,2.88,73.2,116.3,77.0,89.1
2026-05-05 20:00:00,COMP-01,8.13,41.77,77.2,3.4,70.9,115.3,78.8,88.2
2026-05-05 21:00:00,COMP-01,7.92,42.12,78.4,3.01,71.3,121.1,79.2,88.4
2026-05-05 22:00:00,COMP-01,8.15,41.32,76.5,3.04,72.8,120.3,77.6,88.6
2026-05-05 23:00:00,COMP-01,7.9,42.45,78.4,3.42,73.4,120.9,79.0,88.5
2026-05-06 00:00:00,COMP-01,8.05,42.4,79.0,3.4,73.3,123.0,76.8,89.5
2026-05-06 01:00:00,COMP-01,8.0,41.16,79.2,3.21,74.5,119.5,77.2,86.4
2026-05-06 02:00:00,COMP-01,7.96,40.71,77.4,3.52,74.7,121.7,76.3,87.7
2026-05-06 03:00:00,COMP-01,8.0,41.28,81.3,3.59,74.0,121.2,78.4,85.9
2026-05-06 04:00:00,COMP-01,7.98,41.49,78.5,3.44,76.2,122.6,77.0,87.9
2026-05-06 05:00:00,COMP-01,8.11,42.22,80.0,3.43,75.4,122.4,79.6,87.8
2026-05-06 06:00:00,COMP-01,8.08,41.56,81.8,3.63,77.1,120.7,81.1,87.3
2026-05-06 07:00:00,COMP-01,7.95,41.58,80.1,3.73,75.8,121.2,78.0,88.7
2026-05-06 08:00:00,COMP-01,8.14,42.0,80.7,3.73,76.1,120.7,77.5,85.5
2026-05-06 09:00:00,COMP-01,8.03,42.09,80.3,4.04,74.6,120.2,78.4,87.5
2026-05-06 10:00:00,COMP-01,8.13,41.59,82.5,3.81,75.9,124.7,79.2,85.3
2026-05-06 11:00:00,COMP-01,8.12,42.42,80.7,3.94,76.8,123.8,77.0,85.8
2026-05-06 12:00:00,COMP-01,8.0,42.33,82.3,3.85,77.4,118.5,80.1,84.8
2026-05-06 13:00:00,COMP-01,7.97,41.3,80.3,4.18,76.4,124.5,77.9,86.5
2026-05-06 14:00:00,COMP-01,8.01,41.22,83.3,3.94,75.6,123.4,80.7,86.6
2026-05-06 15:00:00,COMP-01,7.97,41.64,82.0,4.45,77.8,125.2,79.9,86.0
2026-05-06 16:00:00,COMP-01,7.98,41.71,82.5,4.13,78.4,124.8,79.3,85.6
2026-05-06 17:00:00,COMP-01,8.01,40.9,83.9,4.25,78.9,119.7,81.8,85.4
2026-05-06 18:00:00,COMP-01,8.09,41.33,83.8,4.05,77.6,128.7,77.7,85.5
2026-05-06 19:00:00,COMP-01,8.07,42.02,83.5,4.36,80.9,125.4,78.4,86.0
2026-05-06 20:00:00,COMP-01,8.09,42.33,84.3,4.14,80.4,123.7,78.5,84.4
2026-05-06 21:00:00,COMP-01,7.99,41.95,84.2,4.48,80.6,126.8,77.6,85.7
2026-05-06 22:00:00,COMP-01,8.1,41.25,84.7,4.58,79.0,128.8,77.7,84.8
2026-05-06 23:00:00,COMP-01,7.99,41.81,83.0,4.25,81.1,125.0,76.2,82.9
2026-05-07 00:00:00,COMP-01,7.95,41.2,86.5,4.75,79.1,130.9,79.8,84.2
2026-05-07 01:00:00,COMP-01,7.8,42.83,83.1,4.32,81.1,131.5,80.5,84.7
2026-05-07 02:00:00,COMP-01,8.05,42.18,85.9,4.72,80.5,127.2,76.6,83.9
2026-05-07 03:00:00,COMP-01,7.86,41.76,84.0,4.53,80.8,130.1,79.7,82.7
2026-05-07 04:00:00,COMP-01,7.92,42.22,84.3,4.74,81.4,126.2,78.2,82.8
2026-05-07 05:00:00,COMP-01,7.95,41.94,83.8,4.91,81.1,129.2,78.4,84.8
2026-05-07 06:00:00,COMP-01,8.01,41.61,86.1,4.98,81.5,128.5,76.7,83.0
2026-05-07 07:00:00,COMP-01,7.89,42.59,84.7,4.82,81.0,130.3,77.5,84.4
2026-05-07 08:00:00,COMP-01,7.95,41.93,85.4,5.38,80.8,129.5,79.1,83.6
2026-05-07 09:00:00,COMP-01,7.99,41.74,86.7,5.02,83.2,133.2,77.0,82.0
2026-05-07 10:00:00,COMP-01,7.99,42.96,85.9,5.4,84.2,128.5,79.0,84.2
2026-05-07 11:00:00,COMP-01,7.97,41.71,86.4,4.97,82.1,127.6,78.1,82.2
2026-05-07 12:00:00,COMP-01,8.02,41.1,87.8,5.36,81.1,130.7,80.2,81.7
2026-05-07 13:00:00,COMP-01,8.13,41.99,86.8,5.25,83.9,130.5,79.0,81.8
2026-05-07 14:00:00,COMP-01,8.01,41.16,87.7,5.15,82.8,132.8,80.0,82.8
2026-05-07 15:00:00,COMP-01,7.91,41.66,89.5,5.4,86.2,131.6,78.3,81.9
2026-05-07 16:00:00,COMP-01,8.01,41.73,89.2,5.6,83.3,128.7,74.7,82.5
2026-05-07 17:00:00,COMP-01,7.91,40.83,89.0,5.93,84.4,132.9,78.1,81.8
2026-05-07 18:00:00,COMP-01,8.07,41.67,89.1,5.59,84.0,133.4,77.7,81.1
2026-05-07 19:00:00,COMP-01,8.04,41.4,89.1,5.58,86.0,132.8,78.0,82.3
2026-05-07 20:00:00,COMP-01,8.11,42.05,89.3,5.4,84.1,131.6,76.9,81.3
2026-05-07 21:00:00,COMP-01,8.0,42.04,89.4,5.78,85.5,128.9,76.3,81.2
2026-05-07 22:00:00,COMP-01,7.9,42.07,91.6,5.97,85.5,135.4,78.3,80.9
2026-05-07 23:00:00,COMP-01,7.95,41.66,89.5,5.83,86.2,133.0,78.8,82.0
2026-05-01 00:00:00,COMP-02,8.18,41.26,70.2,2.53,66.2,114.6,73.7,89.2
2026-05-01 01:00:00,COMP-02,8.14,42.38,73.1,1.65,67.3,115.8,73.0,91.2
2026-05-01 02:00:00,COMP-02,8.1,42.29,74.2,2.06,69.6,114.7,75.9,90.1
2026-05-01 03:00:00,COMP-02,8.06,41.56,73.7,2.73,66.2,111.8,78.9,90.8
2026-05-01 04:00:00,COMP-02,8.05,42.52,73.1,2.76,68.9,114.0,80.3,90.4
2026-05-01 05:00:00,COMP-02,8.16,42.15,76.0,2.69,68.0,113.5,76.9,90.3
2026-05-01 06:00:00,COMP-02,8.26,42.07,73.5,2.35,66.2,113.1,78.4,90.3
2026-05-01 07:00:00,COMP-02,8.02,42.27,75.8,2.48,69.3,113.5,73.2,92.5
2026-05-01 08:00:00,COMP-02,8.07,41.87,76.0,2.44,68.6,119.3,74.7,91.9
2026-05-01 09:00:00,COMP-02,8.1,42.13,76.3,2.43,68.7,117.1,75.3,90.2
2026-05-01 10:00:00,COMP-02,8.02,41.02,77.1,2.02,67.7,114.4,76.6,91.8
2026-05-01 11:00:00,COMP-02,8.17,41.71,73.7,2.37,67.7,118.2,77.0,91.7
2026-05-01 12:00:00,COMP-02,8.15,42.59,74.3,1.98,68.5,113.7,74.9,91.6
2026-05-01 13:00:00,COMP-02,8.2,42.01,74.5,2.73,68.3,120.2,77.1,89.2
2026-05-01 14:00:00,COMP-02,8.16,42.19,75.9,2.47,67.8,112.6,75.6,90.1
2026-05-01 15:00:00,COMP-02,8.05,42.29,76.5,2.4,66.4,115.9,78.4,90.4
2026-05-01 16:00:00,COMP-02,8.09,42.01,72.8,2.46,67.8,115.8,74.2,90.6
2026-05-01 17:00:00,COMP-02,8.16,41.81,76.6,2.2,68.3,116.9,73.2,89.2
2026-05-01 18:00:00,COMP-02,7.98,42.63,73.2,2.94,67.3,115.4,79.1,93.0
2026-05-01 19:00:00,COMP-02,8.26,42.6,75.5,2.45,69.0,113.9,74.4,91.0
2026-05-01 20:00:00,COMP-02,8.09,41.77,75.0,2.54,68.1,118.0,73.7,90.8
2026-05-01 21:00:00,COMP-02,8.04,41.07,73.9,2.27,70.0,116.3,74.0,92.9
2026-05-01 22:00:00,COMP-02,8.2,42.29,73.7,2.06,67.5,117.2,79.8,92.5
2026-05-01 23:00:00,COMP-02,8.06,41.44,74.2,1.86,68.4,114.7,75.1,89.4
2026-05-02 00:00:00,COMP-02,8.14,41.73,72.2,1.58,68.0,118.5,79.3,90.5
2026-05-02 01:00:00,COMP-02,8.05,42.23,72.5,2.38,69.0,117.5,75.8,90.8
2026-05-02 02:00:00,COMP-02,8.03,41.59,73.7,2.39,69.2,113.4,79.0,90.7
2026-05-02 03:00:00,COMP-02,8.1,41.63,70.4,2.52,69.0,114.4,76.1,91.5
2026-05-02 04:00:00,COMP-02,7.97,41.74,75.2,1.99,68.4,112.3,76.9,91.0
2026-05-02 05:00:00,COMP-02,7.97,42.58,72.9,2.1,68.3,117.3,74.0,91.1
2026-05-02 06:00:00,COMP-02,8.13,42.35,74.3,2.21,66.9,115.2,73.9,88.1
2026-05-02 07:00:00,COMP-02,8.13,42.45,70.5,2.05,68.8,119.1,76.0,90.3
2026-05-02 08:00:00,COMP-02,8.09,42.69,73.0,2.1,67.4,113.1,76.2,92.6
2026-05-02 09:00:00,COMP-02,8.13,41.87,73.6,1.91,69.1,114.8,75.6,94.2
2026-05-02 10:00:00,COMP-02,8.12,41.62,73.4,2.59,68.1,112.1,77.8,90.3
2026-05-02 11:00:00,COMP-02,8.25,42.54,73.3,2.62,68.1,116.7,77.0,90.2
2026-05-02 12:00:00,COMP-02,8.05,42.51,73.5,2.2,66.8,115.8,80.1,89.9
2026-05-02 13:00:00,COMP-02,8.1,42.71,73.9,2.41,66.6,115.9,75.6,92.0
2026-05-02 14:00:00,COMP-02,8.19,43.29,74.9,2.38,68.3,114.3,76.7,90.7
2026-05-02 15:00:00,COMP-02,8.11,42.66,72.5,2.58,69.7,114.8,71.8,90.4
2026-05-02 16:00:00,COMP-02,8.2,41.99,72.5,2.17,69.1,116.1,75.5,90.6
2026-05-02 17:00:00,COMP-02,8.07,41.54,76.4,2.22,69.6,118.0,78.0,90.6
2026-05-02 18:00:00,COMP-02,8.13,41.99,72.6,2.38,66.5,117.4,75.1,91.2
2026-05-02 19:00:00,COMP-02,8.12,41.87,74.9,2.18,69.1,112.3,76.3,92.9
2026-05-02 20:00:00,COMP-02,8.02,41.66,74.8,2.34,68.5,116.0,77.3,92.1
2026-05-02 21:00:00,COMP-02,8.13,41.88,75.0,2.77,67.8,113.1,78.2,90.9
2026-05-02 22:00:00,COMP-02,7.93,42.42,73.2,2.28,68.4,115.4,77.4,90.6
2026-05-02 23:00:00,COMP-02,8.14,41.87,75.1,2.45,66.8,117.2,74.9,91.8
2026-05-03 00:00:00,COMP-02,8.13,42.92,73.7,2.21,68.0,114.4,77.6,89.4
2026-05-03 01:00:00,COMP-02,8.02,41.47,75.4,2.73,67.9,114.7,76.1,92.2
2026-05-03 02:00:00,COMP-02,8.03,42.12,75.5,2.43,68.2,117.0,70.6,91.7
2026-05-03 03:00:00,COMP-02,8.05,41.08,74.8,2.64,67.8,116.9,79.2,92.3
2026-05-03 04:00:00,COMP-02,8.23,42.37,74.1,1.9,67.7,113.3,80.3,90.8
2026-05-03 05:00:00,COMP-02,8.11,42.28,74.1,2.72,67.2,115.4,74.5,89.7
2026-05-03 06:00:00,COMP-02,8.05,41.98,73.4,2.13,66.2,114.8,73.0,91.8
2026-05-03 07:00:00,COMP-02,8.11,41.27,73.5,2.11,68.4,117.7,72.2,91.1
2026-05-03 08:00:00,COMP-02,8.09,42.34,74.3,2.11,67.6,113.4,78.2,91.0
2026-05-03 09:00:00,COMP-02,8.25,41.97,72.9,1.92,65.7,111.8,76.5,91.5
2026-05-03 10:00:00,COMP-02,7.97,42.45,73.3,2.34,70.1,116.8,75.5,90.1
2026-05-03 11:00:00,COMP-02,7.93,41.64,73.7,2.05,67.8,115.2,75.6,90.3
2026-05-03 12:00:00,COMP-02,8.11,42.22,72.4,2.65,67.9,115.0,77.4,91.2
2026-05-03 13:00:00,COMP-02,8.18,42.14,73.1,2.39,66.5,115.2,75.9,90.8
2026-05-03 14:00:00,COMP-02,8.09,41.06,73.2,2.32,68.2,112.9,78.5,90.1
2026-05-03 15:00:00,COMP-02,8.18,42.21,73.0,2.74,66.4,116.8,78.0,90.3
2026-05-03 16:00:00,COMP-02,8.21,41.87,74.4,2.37,67.8,116.6,77.6,89.3
2026-05-03 17:00:00,COMP-02,8.2,41.17,75.5,2.58,66.6,114.2,73.8,90.8
2026-05-03 18:00:00,COMP-02,8.08,42.39,76.0,2.65,67.3,114.6,72.6,90.2
2026-05-03 19:00:00,COMP-02,8.18,42.81,72.1,2.15,68.0,115.6,74.4,91.4
2026-05-03 20:00:00,COMP-02,8.06,41.99,74.8,2.3,67.4,114.8,75.8,90.6
2026-05-03 21:00:00,COMP-02,8.08,42.8,74.8,2.23,68.9,114.3,78.3,91.4
2026-05-03 22:00:00,COMP-02,8.09,42.22,71.6,2.02,66.4,115.3,79.5,93.2
2026-05-03 23:00:00,COMP-02,8.15,42.25,71.3,2.16,67.0,113.8,75.7,90.5
2026-05-04 00:00:00,COMP-02,7.94,42.37,72.4,2.36,70.7,113.2,70.9,90.7
2026-05-04 01:00:00,COMP-02,8.19,42.98,72.2,2.42,67.4,114.8,81.3,89.5
2026-05-04 02:00:00,COMP-02,8.12,42.23,75.6,2.32,68.4,114.2,76.5,90.7
2026-05-04 03:00:00,COMP-02,8.15,41.82,74.6,2.29,69.5,114.9,72.5,92.3
2026-05-04 04:00:00,COMP-02,8.03,41.67,73.1,2.64,65.2,121.3,78.1,91.2
2026-05-04 05:00:00,COMP-02,8.1,42.14,74.8,2.46,68.7,115.2,75.6,90.8
2026-05-04 06:00:00,COMP-02,8.08,42.57,74.9,1.56,68.9,115.4,76.0,90.6
2026-05-04 07:00:00,COMP-02,8.19,42.47,72.8,2.4,66.7,112.2,74.7,91.9
2026-05-04 08:00:00,COMP-02,8.18,42.26,75.1,2.43,67.2,115.9,77.6,91.8
2026-05-04 09:00:00,COMP-02,8.2,42.35,74.5,2.57,68.0,113.2,75.7,90.3
2026-05-04 10:00:00,COMP-02,8.05,41.93,72.8,2.22,65.5,115.4,76.0,90.2
2026-05-04 11:00:00,COMP-02,8.15,42.47,71.6,2.11,67.0,113.1,77.7,90.8
2026-05-04 12:00:00,COMP-02,8.08,41.0,75.0,1.99,68.1,115.6,78.7,89.7
2026-05-04 13:00:00,COMP-02,7.86,42.09,76.7,2.61,68.3,114.0,77.6,90.0
2026-05-04 14:00:00,COMP-02,8.14,42.25,75.6,2.99,68.5,114.0,75.9,89.2
2026-05-04 15:00:00,COMP-02,8.04,41.8,73.2,2.34,66.9,117.2,76.0,91.0
2026-05-04 16:00:00,COMP-02,8.07,42.08,75.2,2.08,67.1,114.4,73.3,90.2
2026-05-04 17:00:00,COMP-02,8.06,42.44,74.4,2.35,69.1,114.7,76.8,90.9
2026-05-04 18:00:00,COMP-02,8.12,41.71,70.3,2.27,69.8,116.9,77.9,92.2
2026-05-04 19:00:00,COMP-02,8.11,42.1,73.1,2.22,68.8,117.4,75.7,90.5
2026-05-04 20:00:00,COMP-02,8.1,42.3,71.8,1.73,67.3,112.6,75.0,90.9
2026-05-04 21:00:00,COMP-02,8.06,42.73,74.5,2.38,68.8,112.7,78.1,90.9
2026-05-04 22:00:00,COMP-02,8.15,41.46,71.7,2.5,68.5,113.2,74.3,92.1
2026-05-04 23:00:00,COMP-02,8.0,42.82,72.6,2.46,67.6,116.2,74.9,90.8
2026-05-05 00:00:00,COMP-02,8.1,41.5,75.1,2.17,67.7,113.0,70.9,90.8
2026-05-05 01:00:00,COMP-02,8.29,42.39,74.0,2.23,68.0,116.1,73.6,92.1
2026-05-05 02:00:00,COMP-02,8.16,42.36,74.7,2.3,68.9,116.2,75.3,90.4
2026-05-05 03:00:00,COMP-02,8.11,42.77,72.1,1.93,68.2,115.1,76.3,91.2
2026-05-05 04:00:00,COMP-02,8.08,42.74,71.6,2.09,67.9,111.7,75.6,92.7
2026-05-05 05:00:00,COMP-02,8.1,42.12,72.1,2.15,67.5,114.4,78.6,91.6
2026-05-05 06:00:00,COMP-02,8.01,42.12,74.7,2.59,70.1,113.0,74.4,89.7
2026-05-05 07:00:00,COMP-02,8.08,42.23,75.5,2.28,67.6,115.3,74.3,93.1
2026-05-05 08:00:00,COMP-02,7.97,42.09,77.0,2.3,67.8,114.3,75.6,92.4
2026-05-05 09:00:00,COMP-02,7.92,42.77,71.9,2.23,67.4,116.2,72.8,91.5
2026-05-05 10:00:00,COMP-02,8.26,41.32,74.3,2.13,68.6,115.0,74.7,91.5
2026-05-05 11:00:00,COMP-02,8.24,41.9,75.1,1.98,66.8,115.9,79.0,91.4
2026-05-05 12:00:00,COMP-02,8.07,42.0,72.1,2.45,69.1,114.1,75.1,91.3
2026-05-05 13:00:00,COMP-02,8.07,41.97,77.1,2.24,67.5,113.7,77.5,90.8
2026-05-05 14:00:00,COMP-02,8.05,42.66,76.1,2.15,65.6,117.0,74.6,91.8
2026-05-05 15:00:00,COMP-02,7.94,42.45,72.2,2.48,68.0,113.1,75.2,91.7
2026-05-05 16:00:00,COMP-02,8.11,42.29,77.0,1.91,70.1,115.2,74.2,89.7
2026-05-05 17:00:00,COMP-02,8.08,42.46,73.8,2.68,66.1,115.0,73.5,91.4
2026-05-05 18:00:00,COMP-02,8.17,41.79,70.1,2.35,68.6,115.8,78.5,89.9
2026-05-05 19:00:00,COMP-02,8.15,42.6,71.3,2.38,67.3,114.8,76.7,90.5
2026-05-05 20:00:00,COMP-02,8.05,42.02,72.4,2.03,68.9,112.7,77.3,91.5
2026-05-05 21:00:00,COMP-02,7.96,41.66,75.8,2.05,67.4,115.9,77.6,90.7
2026-05-05 22:00:00,COMP-02,8.05,42.71,76.6,2.54,68.1,113.4,74.3,91.5
2026-05-05 23:00:00,COMP-02,8.13,42.7,75.0,1.92,69.4,113.0,75.2,91.3
2026-05-06 00:00:00,COMP-02,8.26,43.55,74.9,2.25,68.7,116.8,75.4,92.8
2026-05-06 01:00:00,COMP-02,8.12,42.25,75.0,2.41,69.1,113.8,74.9,89.9
2026-05-06 02:00:00,COMP-02,8.14,42.39,74.7,2.72,68.0,116.3,73.8,90.6
2026-05-06 03:00:00,COMP-02,8.16,42.42,73.6,2.28,66.0,114.3,77.8,91.6
2026-05-06 04:00:00,COMP-02,8.14,42.02,74.0,2.13,68.9,115.8,77.0,90.5
2026-05-06 05:00:00,COMP-02,7.93,42.55,73.3,2.08,68.9,114.2,78.1,91.6
2026-05-06 06:00:00,COMP-02,8.15,41.32,75.8,2.37,67.5,115.3,72.4,91.4
2026-05-06 07:00:00,COMP-02,8.02,41.32,71.7,2.58,67.2,118.1,74.9,89.3
2026-05-06 08:00:00,COMP-02,8.01,42.62,73.8,2.16,68.2,116.0,78.2,92.4
2026-05-06 09:00:00,COMP-02,8.07,41.34,73.4,2.37,66.7,113.1,76.7,91.0
2026-05-06 10:00:00,COMP-02,8.1,41.62,73.7,2.07,69.2,117.1,72.3,90.1
2026-05-06 11:00:00,COMP-02,7.98,41.67,73.9,1.94,66.8,113.0,76.4,91.1
2026-05-06 12:00:00,COMP-02,8.04,42.09,73.2,2.23,70.2,117.7,73.4,91.8
2026-05-06 13:00:00,COMP-02,8.16,41.43,75.2,2.68,66.5,113.2,78.0,91.3
2026-05-06 14:00:00,COMP-02,8.14,42.17,74.6,1.97,69.4,117.3,75.5,91.0
2026-05-06 15:00:00,COMP-02,7.98,42.26,74.9,2.28,69.5,114.3,77.1,90.0
2026-05-06 16:00:00,COMP-02,8.1,41.91,74.3,2.21,67.8,116.7,75.1,89.4
2026-05-06 17:00:00,COMP-02,8.24,42.69,72.1,2.47,67.3,115.5,76.6,90.8
2026-05-06 18:00:00,COMP-02,8.04,41.65,72.6,2.09,67.9,113.6,77.4,92.5
2026-05-06 19:00:00,COMP-02,8.05,42.12,74.7,2.42,68.1,116.5,77.0,89.8
2026-05-06 20:00:00,COMP-02,8.17,42.44,72.9,2.31,68.9,114.6,78.1,93.4
2026-05-06 21:00:00,COMP-02,8.04,41.31,74.5,2.48,67.7,117.9,73.3,91.7
2026-05-06 22:00:00,COMP-02,8.05,42.86,77.0,2.11,67.3,116.7,75.2,91.0
2026-05-06 23:00:00,COMP-02,8.1,41.04,74.0,2.13,67.4,117.9,73.5,91.8
2026-05-07 00:00:00,COMP-02,8.08,41.86,75.2,2.39,68.7,116.9,75.3,90.4
2026-05-07 01:00:00,COMP-02,8.01,41.59,78.4,2.61,66.2,112.4,77.0,91.5
2026-05-07 02:00:00,COMP-02,8.14,41.87,73.8,2.38,68.1,110.6,75.5,90.1
2026-05-07 03:00:00,COMP-02,8.11,43.49,74.6,2.22,69.2,116.0,76.8,91.6
2026-05-07 04:00:00,COMP-02,8.26,41.43,74.7,2.07,68.7,113.2,75.2,90.7
2026-05-07 05:00:00,COMP-02,8.18,42.46,72.1,2.31,67.1,112.5,75.6,90.7
2026-05-07 06:00:00,COMP-02,8.29,42.22,71.9,2.16,69.3,119.2,72.8,89.1
2026-05-07 07:00:00,COMP-02,8.25,42.19,72.7,2.43,64.6,115.0,76.7,91.9
2026-05-07 08:00:00,COMP-02,8.02,42.04,72.6,2.36,66.8,114.2,74.0,91.7
2026-05-07 09:00:00,COMP-02,8.17,41.88,74.1,1.94,67.6,114.9,81.2,89.9
2026-05-07 10:00:00,COMP-02,8.22,42.5,74.4,2.74,68.5,115.8,75.9,92.2
2026-05-07 11:00:00,COMP-02,8.19,41.69,72.0,2.25,67.0,114.9,78.5,90.5
2026-05-07 12:00:00,COMP-02,8.1,42.03,75.3,1.74,67.2,115.4,78.4,90.5
2026-05-07 13:00:00,COMP-02,7.95,42.31,73.0,2.0,67.2,114.6,74.8,88.8
2026-05-07 14:00:00,COMP-02,8.17,42.64,75.0,2.02,67.7,115.0,77.2,91.7
2026-05-07 15:00:00,COMP-02,8.04,42.04,74.7,2.66,68.9,116.6,76.2,92.4
2026-05-07 16:00:00,COMP-02,8.13,41.57,76.1,2.47,67.4,114.0,76.6,91.5
2026-05-07 17:00:00,COMP-02,8.12,42.16,76.5,2.57,68.2,116.9,73.9,91.4
2026-05-07 18:00:00,COMP-02,8.24,41.89,72.7,2.14,66.6,113.4,75.3,89.6
2026-05-07 19:00:00,COMP-02,8.1,42.45,72.6,2.68,68.7,117.1,74.7,91.9
2026-05-07 20:00:00,COMP-02,8.01,42.45,74.3,2.44,66.5,113.2,77.2,90.1
2026-05-07 21:00:00,COMP-02,8.14,41.32,75.3,1.99,68.7,116.3,74.6,91.6
2026-05-07 22:00:00,COMP-02,8.12,41.73,72.5,1.81,68.5,111.9,76.2,90.7
2026-05-07 23:00:00,COMP-02,8.15,41.85,73.5,2.48,68.4,115.6,76.9,89.5
2026-05-01 00:00:00,COMP-03,8.28,42.87,74.2,2.63,69.9,117.7,80.7,91.4
2026-05-01 01:00:00,COMP-03,8.31,41.71,77.1,3.1,70.6,120.4,84.0,91.0
2026-05-01 02:00:00,COMP-03,8.22,43.13,76.3,2.71,69.5,121.4,78.4,91.5
2026-05-01 03:00:00,COMP-03,8.25,41.66,76.7,2.07,70.9,119.9,78.8,90.1
2026-05-01 04:00:00,COMP-03,8.4,42.2,74.1,3.14,72.9,118.0,82.0,91.3
2026-05-01 05:00:00,COMP-03,8.13,42.21,78.2,3.21,70.8,116.1,84.0,89.5
2026-05-01 06:00:00,COMP-03,8.17,42.71,78.8,2.96,70.6,119.0,80.1,90.6
2026-05-01 07:00:00,COMP-03,7.95,42.32,76.4,2.35,70.6,117.6,83.5,91.6
2026-05-01 08:00:00,COMP-03,8.15,42.41,75.9,2.56,70.3,116.3,77.7,90.6
2026-05-01 09:00:00,COMP-03,8.26,42.02,77.6,2.51,70.4,119.8,79.9,90.5
2026-05-01 10:00:00,COMP-03,8.15,42.38,75.6,2.48,69.7,114.6,79.0,89.7
2026-05-01 11:00:00,COMP-03,8.17,42.36,75.9,2.84,71.3,116.6,77.6,89.0
2026-05-01 12:00:00,COMP-03,8.15,42.29,74.6,2.31,69.3,118.4,81.2,89.4
2026-05-01 13:00:00,COMP-03,8.16,41.94,75.9,2.45,70.9,114.1,79.3,90.3
2026-05-01 14:00:00,COMP-03,8.22,44.12,76.6,2.4,69.9,114.1,79.8,89.2
2026-05-01 15:00:00,COMP-03,8.29,42.17,75.8,2.51,72.6,117.3,83.7,90.8
2026-05-01 16:00:00,COMP-03,8.25,42.72,76.7,2.12,69.6,119.9,79.9,88.6
2026-05-01 17:00:00,COMP-03,8.19,43.52,78.2,2.68,71.4,117.2,76.6,89.1
2026-05-01 18:00:00,COMP-03,8.36,42.34,75.6,2.61,72.9,121.6,84.4,89.8
2026-05-01 19:00:00,COMP-03,8.23,41.59,78.7,2.35,70.3,115.6,78.8,89.2
2026-05-01 20:00:00,COMP-03,8.14,42.18,75.0,2.95,68.3,118.5,82.4,89.5
2026-05-01 21:00:00,COMP-03,8.13,42.36,78.1,2.76,69.2,119.1,77.8,90.7
2026-05-01 22:00:00,COMP-03,8.24,42.32,74.5,2.43,70.8,120.7,78.7,90.5
2026-05-01 23:00:00,COMP-03,7.99,42.15,75.9,2.43,68.6,116.5,80.6,89.8
2026-05-02 00:00:00,COMP-03,7.98,41.23,74.9,2.84,65.9,116.9,78.9,91.4
2026-05-02 01:00:00,COMP-03,8.16,42.73,76.3,2.06,71.2,118.5,81.0,93.9
2026-05-02 02:00:00,COMP-03,7.99,43.53,75.5,2.79,69.9,117.1,78.9,90.3
2026-05-02 03:00:00,COMP-03,8.05,42.95,75.3,2.36,69.3,120.8,78.9,90.4
2026-05-02 04:00:00,COMP-03,8.13,42.95,77.2,3.25,69.7,119.5,80.2,91.3
2026-05-02 05:00:00,COMP-03,8.13,42.95,75.6,2.68,70.1,118.6,79.8,90.2
2026-05-02 06:00:00,COMP-03,8.36,43.09,77.6,2.56,68.7,120.1,81.8,91.5
2026-05-02 07:00:00,COMP-03,8.14,42.36,73.0,2.58,71.5,117.0,81.3,89.8
2026-05-02 08:00:00,COMP-03,8.23,41.81,76.2,1.8,69.7,114.4,82.4,90.8
2026-05-02 09:00:00,COMP-03,8.25,43.41,74.3,3.22,71.4,117.5,82.3,88.9
2026-05-02 10:00:00,COMP-03,8.12,42.13,75.0,2.38,71.8,117.4,80.7,89.4
2026-05-02 11:00:00,COMP-03,8.02,42.66,72.6,2.68,67.9,122.4,81.8,90.1
2026-05-02 12:00:00,COMP-03,8.33,41.99,77.0,2.76,70.4,120.8,81.5,90.3
2026-05-02 13:00:00,COMP-03,8.03,41.92,75.8,2.73,68.3,123.3,83.0,90.6
2026-05-02 14:00:00,COMP-03,8.21,42.37,74.3,2.72,70.4,115.3,80.7,89.8
2026-05-02 15:00:00,COMP-03,8.01,41.98,75.3,3.27,70.8,115.1,81.0,88.5
2026-05-02 16:00:00,COMP-03,8.31,42.22,75.8,3.1,68.1,114.9,78.8,91.0
2026-05-02 17:00:00,COMP-03,8.05,40.8,75.2,2.87,71.8,117.0,79.2,91.2
2026-05-02 18:00:00,COMP-03,8.01,42.27,76.3,2.83,69.2,118.1,75.0,89.3
2026-05-02 19:00:00,COMP-03,8.25,41.91,76.1,2.83,69.5,118.4,78.1,89.8
2026-05-02 20:00:00,COMP-03,8.26,42.59,74.9,2.77,71.1,113.5,82.3,89.7
2026-05-02 21:00:00,COMP-03,8.24,43.22,73.5,2.49,69.6,116.3,83.5,89.1
2026-05-02 22:00:00,COMP-03,8.14,42.62,73.8,2.58,70.5,117.3,79.8,89.5
2026-05-02 23:00:00,COMP-03,8.05,42.69,79.2,2.71,70.3,119.5,77.5,91.7
2026-05-03 00:00:00,COMP-03,8.22,43.48,74.7,3.25,71.2,119.2,80.5,89.8
2026-05-03 01:00:00,COMP-03,8.32,42.58,72.5,2.36,69.7,118.7,79.9,91.2
2026-05-03 02:00:00,COMP-03,8.0,42.59,72.7,2.93,69.9,118.9,78.3,91.3
2026-05-03 03:00:00,COMP-03,8.3,42.85,75.8,2.87,68.9,119.9,83.3,91.1
2026-05-03 04:00:00,COMP-03,8.13,42.72,73.7,2.87,70.7,113.9,77.7,89.7
2026-05-03 05:00:00,COMP-03,8.17,41.77,76.7,2.78,69.7,116.3,82.1,91.7
2026-05-03 06:00:00,COMP-03,8.15,42.13,76.9,2.59,69.8,119.6,76.2,91.3
2026-05-03 07:00:00,COMP-03,8.21,42.25,75.8,2.69,67.4,121.3,80.1,90.4
2026-05-03 08:00:00,COMP-03,8.3,41.89,76.9,2.62,71.3,113.3,79.8,89.4
2026-05-03 09:00:00,COMP-03,8.24,42.78,74.7,2.49,69.8,116.0,81.7,89.6
2026-05-03 10:00:00,COMP-03,7.91,42.28,74.1,2.21,68.1,118.2,82.7,90.3
2026-05-03 11:00:00,COMP-03,8.14,42.77,75.2,2.49,68.3,114.1,79.2,90.2
2026-05-03 12:00:00,COMP-03,8.19,42.25,74.3,2.88,68.0,119.7,78.0,89.2
2026-05-03 13:00:00,COMP-03,8.05,42.2,77.8,2.85,71.5,119.1,77.8,89.7
2026-05-03 14:00:00,COMP-03,8.12,43.3,73.8,2.97,71.3,122.0,79.2,90.7
2026-05-03 15:00:00,COMP-03,8.43,42.13,73.2,2.14,71.1,113.9,79.3,90.4
2026-05-03 16:00:00,COMP-03,8.22,42.76,76.4,3.08,68.6,116.5,78.5,90.8
2026-05-03 17:00:00,COMP-03,8.29,42.77,78.1,2.35,72.5,121.4,81.5,91.8
2026-05-03 18:00:00,COMP-03,8.03,42.19,74.7,2.92,68.4,119.7,82.7,90.7
2026-05-03 19:00:00,COMP-03,8.23,41.91,74.5,3.07,71.2,117.9,79.2,88.0
2026-05-03 20:00:00,COMP-03,8.09,43.65,73.7,2.76,71.5,115.2,80.4,90.9
2026-05-03 21:00:00,COMP-03,8.2,44.22,73.0,3.02,69.7,119.7,80.9,89.3
2026-05-03 22:00:00,COMP-03,8.22,41.39,77.1,2.79,71.0,120.3,80.7,90.1
2026-05-03 23:00:00,COMP-03,8.11,42.07,78.1,3.13,69.6,118.1,78.2,91.2
2026-05-04 00:00:00,COMP-03,8.27,43.66,74.4,2.59,70.3,119.4,79.6,89.1
2026-05-04 01:00:00,COMP-03,8.29,42.93,74.4,3.11,71.8,118.3,80.2,90.6
2026-05-04 02:00:00,COMP-03,8.11,42.52,72.1,2.96,67.7,121.3,79.3,89.8
2026-05-04 03:00:00,COMP-03,8.14,42.33,78.6,1.95,71.9,118.7,77.6,88.9
2026-05-04 04:00:00,COMP-03,8.37,41.93,73.9,3.04,70.5,115.9,80.4,89.0
2026-05-04 05:00:00,COMP-03,8.31,43.14,77.0,2.81,72.6,118.0,77.6,90.4
2026-05-04 06:00:00,COMP-03,8.41,41.89,75.3,2.82,69.9,115.8,82.2,92.3
2026-05-04 07:00:00,COMP-03,8.22,41.96,73.2,2.78,71.7,119.0,80.0,89.4
2026-05-04 08:00:00,COMP-03,8.09,43.0,77.6,2.24,72.4,119.3,82.8,88.7
2026-05-04 09:00:00,COMP-03,8.06,42.41,76.9,3.24,71.1,117.5,77.9,91.2
2026-05-04 10:00:00,COMP-03,8.1,43.48,75.5,3.18,71.0,117.7,79.0,89.7
2026-05-04 11:00:00,COMP-03,8.24,42.55,74.9,2.65,70.1,113.3,80.9,89.0
2026-05-04 12:00:00,COMP-03,8.08,41.49,72.8,2.29,68.9,122.3,78.9,90.2
2026-05-04 13:00:00,COMP-03,8.24,42.58,75.9,2.34,72.2,122.0,76.6,89.0
2026-05-04 14:00:00,COMP-03,8.17,41.92,76.9,2.48,73.2,120.6,80.4,91.0
2026-05-04 15:00:00,COMP-03,8.31,42.16,74.5,2.72,71.3,118.3,76.8,89.2
2026-05-04 16:00:00,COMP-03,8.19,42.45,79.6,2.28,70.8,121.3,84.5,89.6
2026-05-04 17:00:00,COMP-03,8.25,42.84,76.4,2.67,70.7,112.4,81.4,90.1
2026-05-04 18:00:00,COMP-03,8.18,43.73,74.8,2.58,73.0,116.2,78.9,89.9
2026-05-04 19:00:00,COMP-03,8.28,42.62,73.7,2.54,69.1,117.8,80.9,90.4
2026-05-04 20:00:00,COMP-03,8.02,43.14,76.5,3.12,70.7,120.4,80.9,91.3
2026-05-04 21:00:00,COMP-03,8.25,42.44,80.1,2.97,70.9,115.2,77.4,90.3
2026-05-04 22:00:00,COMP-03,8.21,42.13,76.3,3.18,71.0,115.5,79.8,89.2
2026-05-04 23:00:00,COMP-03,8.16,42.25,75.1,2.32,69.8,116.8,74.1,92.1
2026-05-05 00:00:00,COMP-03,8.29,41.19,76.0,2.35,72.5,122.4,80.3,90.9
2026-05-05 01:00:00,COMP-03,8.19,40.77,75.3,2.74,69.3,118.0,79.8,89.7
2026-05-05 02:00:00,COMP-03,8.16,41.15,74.7,2.31,71.5,114.0,82.3,91.1
2026-05-05 03:00:00,COMP-03,8.11,40.49,75.3,2.68,68.5,117.8,83.1,90.2
2026-05-05 04:00:00,COMP-03,8.03,41.38,75.4,2.64,70.7,117.9,81.0,91.4
2026-05-05 05:00:00,COMP-03,8.19,42.61,75.7,2.59,71.8,118.0,80.1,89.4
2026-05-05 06:00:00,COMP-03,8.04,42.11,76.6,2.68,70.8,118.4,82.4,88.3
2026-05-05 07:00:00,COMP-03,8.25,42.15,76.8,2.84,68.8,120.7,82.6,86.9
2026-05-05 08:00:00,COMP-03,8.11,41.92,74.3,3.19,69.1,117.4,79.6,91.1
2026-05-05 09:00:00,COMP-03,7.86,42.95,78.7,3.26,69.8,117.5,84.2,90.5
2026-05-05 10:00:00,COMP-03,8.1,43.19,75.9,2.65,70.5,123.6,81.8,87.7
2026-05-05 11:00:00,COMP-03,8.15,43.89,77.2,3.14,68.3,120.6,78.9,87.1
2026-05-05 12:00:00,COMP-03,8.04,45.15,72.7,2.69,71.0,121.2,79.8,87.3
2026-05-05 13:00:00,COMP-03,8.01,43.07,72.1,3.06,71.4,121.2,80.5,89.5
2026-05-05 14:00:00,COMP-03,7.99,43.88,75.5,3.09,70.5,121.8,77.5,88.6
2026-05-05 15:00:00,COMP-03,7.87,42.72,74.5,2.38,73.2,124.5,83.8,87.0
2026-05-05 16:00:00,COMP-03,7.95,42.05,74.7,2.42,71.9,120.9,82.1,88.7
2026-05-05 17:00:00,COMP-03,8.16,41.64,78.3,3.04,68.5,124.2,80.7,87.8
2026-05-05 18:00:00,COMP-03,7.83,41.8,79.7,2.7,71.2,120.5,78.4,89.0
2026-05-05 19:00:00,COMP-03,7.76,41.7,76.1,2.73,69.7,123.3,81.4,88.5
2026-05-05 20:00:00,COMP-03,7.78,41.53,78.2,2.97,67.9,123.4,76.0,87.7
2026-05-05 21:00:00,COMP-03,8.05,40.94,74.5,2.93,67.7,121.5,81.2,86.9
2026-05-05 22:00:00,COMP-03,7.83,41.82,76.8,2.78,69.5,123.9,79.8,87.9
2026-05-05 23:00:00,COMP-03,7.78,41.2,74.2,2.69,68.8,120.9,80.5,87.5
2026-05-06 00:00:00,COMP-03,7.9,41.06,76.7,2.87,70.7,121.7,80.3,87.6
2026-05-06 01:00:00,COMP-03,7.8,40.15,76.3,3.36,69.5,122.2,80.7,87.4
2026-05-06 02:00:00,COMP-03,7.91,40.79,77.3,2.88,69.8,124.7,82.1,87.9
2026-05-06 03:00:00,COMP-03,7.66,42.25,75.9,2.72,70.1,123.9,82.4,86.8
2026-05-06 04:00:00,COMP-03,7.64,41.78,76.3,3.07,70.9,122.6,85.0,87.0
2026-05-06 05:00:00,COMP-03,7.87,42.21,77.0,2.95,71.8,127.0,81.7,86.4
2026-05-06 06:00:00,COMP-03,7.67,42.8,77.7,2.63,71.6,128.1,78.2,85.7
2026-05-06 07:00:00,COMP-03,7.7,43.08,75.1,3.11,70.6,125.2,77.1,85.1
2026-05-06 08:00:00,COMP-03,7.72,41.88,77.8,2.65,74.9,130.4,79.6,86.2
2026-05-06 09:00:00,COMP-03,7.78,44.41,73.1,2.16,69.1,126.8,81.0,87.3
2026-05-06 10:00:00,COMP-03,7.55,42.17,77.5,2.45,67.0,126.1,81.6,86.0
2026-05-06 11:00:00,COMP-03,7.6,43.57,75.3,2.3,68.9,127.1,80.6,86.2
2026-05-06 12:00:00,COMP-03,7.54,43.59,72.1,2.75,72.1,123.0,78.8,86.2
2026-05-06 13:00:00,COMP-03,7.74,43.39,74.8,2.11,70.2,130.9,80.6,85.8
2026-05-06 14:00:00,COMP-03,7.64,43.54,74.5,2.95,70.3,126.7,78.0,87.0
2026-05-06 15:00:00,COMP-03,7.66,43.04,77.8,2.55,68.8,125.2,76.5,86.0
2026-05-06 16:00:00,COMP-03,7.39,42.4,72.3,2.67,69.8,126.4,77.9,84.3
2026-05-06 17:00:00,COMP-03,7.6,42.53,76.6,2.43,70.3,130.2,81.2,84.9
2026-05-06 18:00:00,COMP-03,7.57,42.42,76.0,2.6,69.8,128.0,78.0,84.2
2026-05-06 19:00:00,COMP-03,7.39,41.31,73.8,2.75,68.7,128.9,80.1,83.1
2026-05-06 20:00:00,COMP-03,7.58,42.47,74.2,2.83,68.7,128.2,77.5,83.2
2026-05-06 21:00:00,COMP-03,7.46,41.66,75.3,2.34,69.4,128.8,79.9,85.1
2026-05-06 22:00:00,COMP-03,7.41,42.23,73.9,2.85,71.8,129.5,79.6,84.2
2026-05-06 23:00:00,COMP-03,7.57,40.53,74.3,2.58,71.9,129.5,78.1,84.4
2026-05-07 00:00:00,COMP-03,7.39,40.88,77.8,2.29,72.4,130.7,82.2,84.1
2026-05-07 01:00:00,COMP-03,7.42,40.45,75.1,2.85,71.9,126.7,79.3,84.3
2026-05-07 02:00:00,COMP-03,7.28,41.74,74.7,2.64,69.3,127.6,80.0,84.1
2026-05-07 03:00:00,COMP-03,7.37,41.09,76.6,3.2,70.2,131.7,77.2,84.4
2026-05-07 04:00:00,COMP-03,7.28,40.84,74.7,3.06,71.4,130.3,76.9,83.9
2026-05-07 05:00:00,COMP-03,7.41,42.08,72.7,2.43,69.9,131.2,75.6,83.8
2026-05-07 06:00:00,COMP-03,7.37,42.77,77.2,2.87,68.8,126.0,79.2,84.9
2026-05-07 07:00:00,COMP-03,7.48,42.99,76.8,2.81,69.2,130.2,83.3,82.8
2026-05-07 08:00:00,COMP-03,7.49,42.66,78.4,2.28,70.9,129.0,77.2,83.9
2026-05-07 09:00:00,COMP-03,7.41,42.62,73.3,2.67,69.9,132.1,81.9,83.5
2026-05-07 10:00:00,COMP-03,7.48,43.5,75.4,2.22,69.6,130.4,81.9,83.9
2026-05-07 11:00:00,COMP-03,7.17,43.64,77.2,3.16,71.3,133.0,80.1,83.7
2026-05-07 12:00:00,COMP-03,7.39,42.86,75.4,2.47,70.6,134.3,78.8,80.8
2026-05-07 13:00:00,COMP-03,7.21,44.25,77.0,2.83,69.6,129.0,81.0,82.3
2026-05-07 14:00:00,COMP-03,7.46,44.01,75.0,2.52,69.9,131.5,82.2,83.2
2026-05-07 15:00:00,COMP-03,7.15,44.7,76.1,2.93,69.1,133.0,80.6,81.0
2026-05-07 16:00:00,COMP-03,7.41,44.17,75.3,2.37,70.5,132.6,80.7,83.0
2026-05-07 17:00:00,COMP-03,7.24,44.04,77.0,2.39,72.0,136.3,86.3,81.5
2026-05-07 18:00:00,COMP-03,7.2,41.65,77.0,2.54,72.9,131.2,76.6,82.1
2026-05-07 19:00:00,COMP-03,6.96,43.06,72.3,2.71,66.9,132.4,83.3,82.8
2026-05-07 20:00:00,COMP-03,7.06,42.29,76.0,2.84,67.9,134.6,74.6,81.7
2026-05-07 21:00:00,COMP-03,7.08,42.4,76.0,2.28,68.5,134.0,79.8,81.6
2026-05-07 22:00:00,COMP-03,7.07,42.18,75.1,2.67,73.3,130.6,76.3,82.9
2026-05-07 23:00:00,COMP-03,7.03,41.36,74.6,2.62,72.4,135.8,81.7,80.6
2026-05-01 00:00:00,COMP-04,7.91,40.22,73.9,3.07,69.6,116.6,88.0,89.3
2026-05-01 01:00:00,COMP-04,8.02,41.84,72.7,2.88,70.1,116.2,89.4,92.8
2026-05-01 02:00:00,COMP-04,7.99,41.68,74.0,2.85,69.6,117.4,86.0,90.2
2026-05-01 03:00:00,COMP-04,8.12,41.7,76.3,2.73,69.9,117.6,86.1,90.3
2026-05-01 04:00:00,COMP-04,7.92,41.22,75.3,2.88,67.6,119.1,89.1,89.3
2026-05-01 05:00:00,COMP-04,7.88,41.43,74.4,2.83,68.6,113.0,87.2,89.7
2026-05-01 06:00:00,COMP-04,8.05,41.19,77.4,2.26,70.6,116.6,89.7,90.1
2026-05-01 07:00:00,COMP-04,8.09,41.33,73.5,3.2,68.9,117.4,90.5,89.0
2026-05-01 08:00:00,COMP-04,8.05,41.23,74.8,2.82,67.2,115.4,90.7,90.9
2026-05-01 09:00:00,COMP-04,7.99,41.61,74.6,3.18,68.8,117.5,90.3,89.2
2026-05-01 10:00:00,COMP-04,8.12,40.81,77.3,2.7,68.7,113.2,87.1,89.0
2026-05-01 11:00:00,COMP-04,7.95,41.44,76.3,2.86,69.4,114.8,86.2,91.8
2026-05-01 12:00:00,COMP-04,7.94,42.25,74.7,2.8,70.3,119.5,87.8,89.6
2026-05-01 13:00:00,COMP-04,8.0,41.65,76.2,2.8,69.7,120.3,88.8,90.3
2026-05-01 14:00:00,COMP-04,7.88,40.32,75.5,2.77,68.4,117.5,87.9,91.1
2026-05-01 15:00:00,COMP-04,8.01,41.16,76.4,2.74,69.6,116.0,86.7,90.1
2026-05-01 16:00:00,COMP-04,8.0,41.72,74.6,2.29,68.5,118.6,87.4,89.8
2026-05-01 17:00:00,COMP-04,8.08,41.18,72.8,2.76,68.4,115.1,87.6,90.5
2026-05-01 18:00:00,COMP-04,8.0,41.64,77.5,2.7,69.3,116.0,86.3,89.4
2026-05-01 19:00:00,COMP-04,7.96,41.66,78.3,2.6,68.5,116.9,88.8,90.3
2026-05-01 20:00:00,COMP-04,8.1,40.41,71.7,2.66,70.3,113.9,82.0,90.6
2026-05-01 21:00:00,COMP-04,8.02,41.01,73.6,2.53,69.1,115.7,89.0,87.1
2026-05-01 22:00:00,COMP-04,7.93,40.99,74.6,2.65,70.0,113.3,88.1,90.6
2026-05-01 23:00:00,COMP-04,8.15,41.28,75.5,2.29,66.1,118.7,88.0,91.2
2026-05-02 00:00:00,COMP-04,7.89,41.73,77.6,2.92,69.3,117.0,84.9,91.4
2026-05-02 01:00:00,COMP-04,7.95,41.73,72.8,2.47,70.7,116.3,90.9,89.9
2026-05-02 02:00:00,COMP-04,7.85,41.9,74.2,3.0,69.0,113.9,88.3,92.2
2026-05-02 03:00:00,COMP-04,8.04,41.47,76.5,2.86,69.3,114.8,88.5,91.0
2026-05-02 04:00:00,COMP-04,7.93,42.14,74.9,2.55,70.2,116.4,89.5,89.7
2026-05-02 05:00:00,COMP-04,8.0,41.72,75.4,2.24,67.7,118.9,87.7,89.5
2026-05-02 06:00:00,COMP-04,7.89,41.01,72.2,2.77,68.3,115.1,87.9,90.4
2026-05-02 07:00:00,COMP-04,8.17,40.82,76.6,3.07,68.1,117.4,87.1,90.2
2026-05-02 08:00:00,COMP-04,8.12,41.77,75.7,2.68,67.2,116.6,90.4,88.5
2026-05-02 09:00:00,COMP-04,7.92,41.56,73.6,2.58,68.5,114.3,86.1,90.7
2026-05-02 10:00:00,COMP-04,7.9,40.78,74.1,3.0,68.8,116.1,88.1,88.3
2026-05-02 11:00:00,COMP-04,8.04,41.67,74.4,3.08,67.6,119.3,88.3,89.7
2026-05-02 12:00:00,COMP-04,8.0,41.45,76.7,2.5,68.1,119.1,86.8,90.9
2026-05-02 13:00:00,COMP-04,8.14,41.32,76.0,2.48,69.9,117.4,88.9,89.4
2026-05-02 14:00:00,COMP-04,7.87,41.73,72.1,2.71,70.1,117.4,91.9,91.0
2026-05-02 15:00:00,COMP-04,7.95,41.51,74.9,2.36,67.9,115.9,83.9,90.0
2026-05-02 16:00:00,COMP-04,7.98,40.75,75.6,3.0,69.3,116.4,89.2,90.7
2026-05-02 17:00:00,COMP-04,8.02,41.13,75.4,3.13,68.3,121.2,86.9,90.0
2026-05-02 18:00:00,COMP-04,7.95,41.6,72.6,2.65,67.7,117.3,90.0,90.6
2026-05-02 19:00:00,COMP-04,7.81,42.42,75.4,2.58,69.2,117.4,86.7,90.2
2026-05-02 20:00:00,COMP-04,7.95,41.32,74.0,2.4,69.2,118.2,89.0,90.8
2026-05-02 21:00:00,COMP-04,8.03,41.26,76.2,2.42,67.9,115.1,90.2,90.9
2026-05-02 22:00:00,COMP-04,8.04,41.98,73.8,2.9,68.8,118.7,87.8,89.6
2026-05-02 23:00:00,COMP-04,8.04,41.89,74.1,2.78,67.7,112.0,88.4,90.6
2026-05-03 00:00:00,COMP-04,8.02,40.62,74.5,2.18,70.6,114.8,90.5,90.9
2026-05-03 01:00:00,COMP-04,7.93,40.99,75.5,2.56,69.1,116.0,84.4,87.8
2026-05-03 02:00:00,COMP-04,8.02,41.25,74.2,2.99,70.4,116.5,87.3,90.5
2026-05-03 03:00:00,COMP-04,7.89,41.6,75.8,2.99,66.7,115.5,86.2,90.1
2026-05-03 04:00:00,COMP-04,8.04,42.17,74.3,2.66,70.4,117.6,90.5,90.3
2026-05-03 05:00:00,COMP-04,7.91,40.9,72.8,2.99,70.4,120.7,89.7,91.2
2026-05-03 06:00:00,COMP-04,7.95,40.98,76.2,2.92,69.1,117.8,88.6,91.3
2026-05-03 07:00:00,COMP-04,8.1,41.74,76.2,2.94,68.4,118.5,85.2,91.1
2026-05-03 08:00:00,COMP-04,7.9,41.63,73.8,2.95,69.0,113.8,88.8,89.4
2026-05-03 09:00:00,COMP-04,8.07,41.5,75.6,2.53,68.3,116.1,89.7,91.7
2026-05-03 10:00:00,COMP-04,7.94,41.98,72.0,2.47,67.8,114.3,84.8,90.4
2026-05-03 11:00:00,COMP-04,7.98,41.67,76.0,2.87,69.8,116.9,85.6,91.1
2026-05-03 12:00:00,COMP-04,7.95,41.08,74.8,2.54,68.5,117.7,88.7,89.1
2026-05-03 13:00:00,COMP-04,7.96,41.98,75.7,3.38,70.4,119.3,85.2,90.8
2026-05-03 14:00:00,COMP-04,8.0,41.25,75.2,3.06,69.6,115.2,89.5,89.4
2026-05-03 15:00:00,COMP-04,8.02,41.36,74.7,3.01,67.8,120.9,84.4,89.4
2026-05-03 16:00:00,COMP-04,8.03,41.76,74.9,2.78,69.5,116.5,90.8,90.8
2026-05-03 17:00:00,COMP-04,8.07,41.07,74.9,2.72,67.8,117.7,86.9,90.7
2026-05-03 18:00:00,COMP-04,7.91,42.27,73.7,2.86,70.0,115.9,89.7,88.8
2026-05-03 19:00:00,COMP-04,8.12,41.51,74.2,2.72,70.0,115.8,86.5,89.8
2026-05-03 20:00:00,COMP-04,7.91,42.32,74.2,3.03,69.3,115.0,88.0,90.8
2026-05-03 21:00:00,COMP-04,7.98,42.04,76.4,3.06,68.4,114.8,86.8,90.2
2026-05-03 22:00:00,COMP-04,8.04,40.52,75.0,2.84,68.7,119.6,88.8,91.3
2026-05-03 23:00:00,COMP-04,7.98,41.92,77.3,3.17,67.7,116.5,87.3,90.5
2026-05-04 00:00:00,COMP-04,8.05,41.12,75.1,2.23,70.7,116.0,88.1,89.7
2026-05-04 01:00:00,COMP-04,8.09,40.22,75.0,2.77,68.5,120.5,86.2,90.8
2026-05-04 02:00:00,COMP-04,8.03,42.07,74.1,2.59,70.3,117.9,84.9,89.5
2026-05-04 03:00:00,COMP-04,8.03,41.88,74.0,1.98,69.6,114.6,84.0,87.2
2026-05-04 04:00:00,COMP-04,8.07,41.56,74.7,3.19,69.8,120.2,85.2,90.0
2026-05-04 05:00:00,COMP-04,7.87,41.4,74.7,2.98,69.1,118.2,89.4,92.2
2026-05-04 06:00:00,COMP-04,7.97,41.08,75.3,2.58,70.8,116.4,86.9,89.5
2026-05-04 07:00:00,COMP-04,8.06,41.43,74.1,3.27,68.0,117.1,89.3,88.4
2026-05-04 08:00:00,COMP-04,8.04,41.03,76.2,2.53,69.8,119.2,89.7,90.3
2026-05-04 09:00:00,COMP-04,7.98,41.24,77.1,2.6,67.8,118.3,86.4,89.0
2026-05-04 10:00:00,COMP-04,7.88,41.28,74.9,2.87,70.1,118.1,87.6,89.8
2026-05-04 11:00:00,COMP-04,8.04,42.07,75.2,2.67,67.8,114.1,89.3,90.6
2026-05-04 12:00:00,COMP-04,8.05,41.44,77.0,2.66,70.1,116.9,86.8,90.6
2026-05-04 13:00:00,COMP-04,8.03,41.66,75.1,2.79,71.9,119.4,89.4,90.1
2026-05-04 14:00:00,COMP-04,8.08,41.73,75.0,2.72,68.9,110.7,88.4,89.5
2026-05-04 15:00:00,COMP-04,8.13,41.51,73.3,2.79,67.7,117.9,88.6,91.0
2026-05-04 16:00:00,COMP-04,7.94,41.52,73.1,3.0,69.6,118.0,88.0,90.4
2026-05-04 17:00:00,COMP-04,8.13,41.37,75.2,2.5,68.0,117.2,90.2,89.7
2026-05-04 18:00:00,COMP-04,7.98,41.32,74.3,2.88,67.2,119.6,86.7,90.7
2026-05-04 19:00:00,COMP-04,7.9,41.8,75.9,2.91,67.8,117.5,85.6,89.7
2026-05-04 20:00:00,COMP-04,8.08,41.86,75.0,2.53,69.8,117.0,83.4,90.8
2026-05-04 21:00:00,COMP-04,8.0,42.04,73.5,1.91,69.3,117.6,84.6,89.0
2026-05-04 22:00:00,COMP-04,8.22,41.36,76.0,2.62,66.5,116.7,87.5,89.6
2026-05-04 23:00:00,COMP-04,7.99,41.62,74.8,2.45,69.6,113.1,83.9,90.7
2026-05-05 00:00:00,COMP-04,8.04,41.47,73.0,2.6,68.7,113.8,86.5,90.7
2026-05-05 01:00:00,COMP-04,8.11,41.31,76.1,2.26,69.8,115.4,88.6,89.8
2026-05-05 02:00:00,COMP-04,8.11,41.11,75.9,2.72,68.8,116.6,86.3,90.0
2026-05-05 03:00:00,COMP-04,7.99,41.61,75.1,3.02,70.1,114.9,89.7,88.8
2026-05-05 04:00:00,COMP-04,8.05,41.78,72.3,2.83,68.4,115.5,90.7,89.3
2026-05-05 05:00:00,COMP-04,7.94,41.53,76.0,2.76,70.4,118.1,83.6,89.5
2026-05-05 06:00:00,COMP-04,7.96,41.72,71.3,3.51,69.6,117.3,90.4,92.3
2026-05-05 07:00:00,COMP-04,8.07,41.93,75.2,2.76,68.4,115.3,86.6,88.6
2026-05-05 08:00:00,COMP-04,7.99,40.74,75.3,2.79,69.2,116.0,94.2,91.4
2026-05-05 09:00:00,COMP-04,7.9,41.6,74.1,2.52,67.4,117.9,86.6,91.0
2026-05-05 10:00:00,COMP-04,8.08,42.12,74.1,2.93,70.0,116.1,86.5,91.5
2026-05-05 11:00:00,COMP-04,8.02,41.79,74.5,2.46,68.9,116.8,85.9,89.8
2026-05-05 12:00:00,COMP-04,7.86,41.0,76.9,2.97,69.4,115.0,85.9,89.3
2026-05-05 13:00:00,COMP-04,8.05,41.92,75.6,2.48,70.4,115.4,87.0,90.9
2026-05-05 14:00:00,COMP-04,8.07,41.57,74.8,2.86,71.6,116.2,90.7,90.7
2026-05-05 15:00:00,COMP-04,8.13,41.64,77.8,3.2,71.2,116.0,87.1,89.6
2026-05-05 16:00:00,COMP-04,7.9,41.44,78.8,2.19,72.8,119.2,87.1,89.8
2026-05-05 17:00:00,COMP-04,8.0,42.05,79.0,2.41,71.9,116.6,88.2,88.4
2026-05-05 18:00:00,COMP-04,8.14,41.97,76.9,2.43,71.0,117.9,88.5,90.2
2026-05-05 19:00:00,COMP-04,8.06,41.94,78.7,2.41,71.5,119.1,87.9,89.4
2026-05-05 20:00:00,COMP-04,7.97,41.04,78.4,2.89,71.2,116.5,86.1,89.9
2026-05-05 21:00:00,COMP-04,7.98,42.15,81.0,2.78,71.1,112.8,85.1,87.3
2026-05-05 22:00:00,COMP-04,8.11,41.55,79.7,2.18,71.1,118.8,88.6,88.4
2026-05-05 23:00:00,COMP-04,8.05,42.24,79.2,2.82,73.1,121.8,83.8,89.1
2026-05-06 00:00:00,COMP-04,7.99,41.76,78.9,2.79,74.0,123.2,89.6,87.5
2026-05-06 01:00:00,COMP-04,7.97,41.3,77.6,2.71,74.3,114.5,90.1,88.7
2026-05-06 02:00:00,COMP-04,7.94,41.44,82.7,3.01,73.7,116.5,88.2,87.6
2026-05-06 03:00:00,COMP-04,7.83,42.42,81.0,2.91,73.9,115.5,87.6,86.4
2026-05-06 04:00:00,COMP-04,8.18,40.94,79.7,2.68,75.8,117.0,85.5,89.1
2026-05-06 05:00:00,COMP-04,8.06,41.74,82.5,3.47,77.1,115.6,91.2,88.1
2026-05-06 06:00:00,COMP-04,8.04,40.74,81.5,2.57,75.8,119.1,83.9,87.6
2026-05-06 07:00:00,COMP-04,8.09,41.42,83.1,2.9,75.4,116.5,85.6,86.4
2026-05-06 08:00:00,COMP-04,8.06,41.51,82.2,2.68,74.9,119.1,87.3,86.1
2026-05-06 09:00:00,COMP-04,8.06,41.41,82.8,3.25,75.6,117.6,85.6,87.1
2026-05-06 10:00:00,COMP-04,8.05,40.8,83.3,2.83,75.9,119.1,88.7,88.7
2026-05-06 11:00:00,COMP-04,7.92,41.56,83.5,2.5,77.3,121.6,88.0,87.6
2026-05-06 12:00:00,COMP-04,8.01,41.18,81.2,2.6,74.7,120.4,87.8,86.6
2026-05-06 13:00:00,COMP-04,8.07,41.0,83.0,2.82,77.9,118.0,88.5,86.9
2026-05-06 14:00:00,COMP-04,8.03,41.59,82.9,2.81,75.7,117.2,87.0,89.3
2026-05-06 15:00:00,COMP-04,8.0,40.87,84.5,2.95,79.2,115.8,84.8,87.4
2026-05-06 16:00:00,COMP-04,7.89,41.3,84.6,2.78,78.3,115.6,87.5,86.5
2026-05-06 17:00:00,COMP-04,8.01,41.54,85.9,3.04,78.2,117.9,84.8,86.4
2026-05-06 18:00:00,COMP-04,8.04,41.83,84.7,2.62,77.4,118.1,90.1,85.9
2026-05-06 19:00:00,COMP-04,8.07,41.56,85.8,2.74,79.2,117.7,92.6,85.3
2026-05-06 20:00:00,COMP-04,8.04,41.26,85.1,2.8,78.8,122.8,87.6,84.9
2026-05-06 21:00:00,COMP-04,8.02,40.57,86.5,2.8,79.8,118.9,87.0,85.8
2026-05-06 22:00:00,COMP-04,7.94,40.99,87.4,2.44,78.6,115.0,89.1,87.6
2026-05-06 23:00:00,COMP-04,7.9,40.67,87.1,2.8,79.7,116.1,87.6,86.1
2026-05-07 00:00:00,COMP-04,8.08,40.62,87.1,2.86,78.6,120.5,86.7,85.6
2026-05-07 01:00:00,COMP-04,8.04,41.23,85.3,2.68,81.2,116.3,86.3,86.4
2026-05-07 02:00:00,COMP-04,7.97,41.27,88.4,3.02,83.1,118.7,90.3,84.9
2026-05-07 03:00:00,COMP-04,7.92,41.53,88.7,2.5,80.3,117.8,88.7,85.8
2026-05-07 04:00:00,COMP-04,8.02,41.27,88.2,2.46,82.9,117.0,87.6,84.2
2026-05-07 05:00:00,COMP-04,8.23,41.02,88.6,2.92,81.8,118.9,91.6,85.5
2026-05-07 06:00:00,COMP-04,7.92,41.38,89.9,3.38,79.7,119.4,88.4,85.8
2026-05-07 07:00:00,COMP-04,7.99,41.12,90.9,2.98,82.8,117.0,86.8,83.2
2026-05-07 08:00:00,COMP-04,8.07,41.69,88.8,2.65,81.3,114.0,86.4,83.6
2026-05-07 09:00:00,COMP-04,7.97,41.17,88.2,3.37,83.7,115.4,88.5,85.0
2026-05-07 10:00:00,COMP-04,8.1,41.13,92.3,2.65,80.8,118.4,90.6,87.1
2026-05-07 11:00:00,COMP-04,7.9,41.81,90.6,3.02,80.9,114.5,86.4,84.4
2026-05-07 12:00:00,COMP-04,7.95,41.8,92.9,2.97,84.9,117.8,85.6,85.6
2026-05-07 13:00:00,COMP-04,7.95,41.91,94.0,2.93,81.5,115.2,90.6,84.0
2026-05-07 14:00:00,COMP-04,8.01,41.84,93.1,2.88,83.3,116.4,89.7,84.6
2026-05-07 15:00:00,COMP-04,7.98,41.99,92.2,2.56,82.9,115.0,87.5,85.1
2026-05-07 16:00:00,COMP-04,7.94,41.58,91.8,2.73,82.3,116.6,87.6,84.3
2026-05-07 17:00:00,COMP-04,8.02,40.96,94.6,2.86,84.6,117.0,87.0,83.9
2026-05-07 18:00:00,COMP-04,8.04,40.71,92.6,2.73,84.9,119.4,86.5,83.1
2026-05-07 19:00:00,COMP-04,7.96,41.14,93.2,3.02,83.6,117.9,84.6,82.9
2026-05-07 20:00:00,COMP-04,7.97,42.25,93.6,2.18,82.8,117.1,89.2,83.7
2026-05-07 21:00:00,COMP-04,8.01,42.02,93.6,3.05,83.5,115.2,84.4,83.0
2026-05-07 22:00:00,COMP-04,8.0,41.55,94.8,2.54,85.5,114.0,90.7,82.8
2026-05-07 23:00:00,COMP-04,7.96,42.22,93.3,2.48,84.7,116.9,88.9,83.7
